{
  "metadata": {
    "input_size": 10,
    "hidden_size": 16,
    "output_size": 7,
    "accuracy": 0.6363636255264282
  },
  "W1": [
    [
      0.4359693229198456,
      -0.2531428933143616,
      0.4646950364112854,
      0.47076043486595154,
      -0.5311725735664368,
      0.45758357644081116,
      -0.8369180560112,
      -0.5794863104820251,
      0.8229199051856995,
      0.13267500698566437,
      0.4506947994232178,
      0.26832443475723267,
      -0.19740231335163116,
      0.009998152032494545,
      -0.10777908563613892,
      0.0556161031126976
    ],
    [
      0.6284277439117432,
      -0.4156694710254669,
      -0.5370907783508301,
      -0.1307973563671112,
      -0.29951706528663635,
      0.2827952206134796,
      0.06426458060741425,
      -0.5698595643043518,
      0.39477524161338806,
      -0.8114584684371948,
      0.6876014471054077,
      0.7518240809440613,
      -0.2671377956867218,
      0.07960283756256104,
      -0.1375538408756256,
      0.28091961145401
    ],
    [
      0.6230247616767883,
      0.624165415763855,
      0.6047725081443787,
      -0.23686154186725616,
      0.17851537466049194,
      0.34314653277397156,
      -0.028492433950304985,
      -0.30896079540252686,
      0.059792205691337585,
      0.200541689991951,
      0.07685092091560364,
      -0.8524598479270935,
      0.548913300037384,
      0.001139598316513002,
      0.09206429868936539,
      0.08757524192333221
    ],
    [
      0.4495408833026886,
      0.4617263376712799,
      -0.4614965617656708,
      0.02589804120361805,
      -0.4004374146461487,
      0.048938099294900894,
      0.1068340390920639,
      -0.4327753782272339,
      0.17837627232074738,
      0.06445848196744919,
      0.013548092916607857,
      -0.32656702399253845,
      -0.1643959879875183,
      0.2669431269168854,
      0.22480323910713196,
      0.5525806546211243
    ],
    [
      0.04030439257621765,
      -0.2673550546169281,
      0.22903744876384735,
      0.25439774990081787,
      0.2769213914871216,
      -0.1620035171508789,
      0.21347662806510925,
      0.20689362287521362,
      0.03414621949195862,
      0.01529957540333271,
      -0.22938618063926697,
      -0.005886470898985863,
      0.29296740889549255,
      0.2707819938659668,
      -0.4302690923213959,
      -0.06930217891931534
    ],
    [
      -0.08965283632278442,
      0.1841539442539215,
      0.38913482427597046,
      0.13046322762966156,
      -0.275203138589859,
      -0.16569529473781586,
      0.26465821266174316,
      -0.7542482614517212,
      -0.04513389617204666,
      -0.34150034189224243,
      -0.49767032265663147,
      0.09967420995235443,
      0.38772302865982056,
      -0.1687680184841156,
      0.06728161871433258,
      -0.37861332297325134
    ],
    [
      0.19415071606636047,
      -0.3742348551750183,
      -0.018803900107741356,
      0.4405815899372101,
      0.12513643503189087,
      0.38042330741882324,
      -0.2774258553981781,
      -0.1253548562526703,
      -0.3983381986618042,
      -0.4941493570804596,
      -0.5210368633270264,
      -0.04672878980636597,
      0.6447516679763794,
      0.2568706274032593,
      0.3870405852794647,
      0.3450397551059723
    ],
    [
      0.39054638147354126,
      -0.617235004901886,
      0.04465962201356888,
      0.14923511445522308,
      -0.2762903869152069,
      0.5590428709983826,
      -0.19022312760353088,
      0.05746367946267128,
      0.2680054306983948,
      0.1798093020915985,
      -0.4571276605129242,
      0.01767846755683422,
      0.06636733561754227,
      -0.3372770845890045,
      0.3452344238758087,
      0.27740421891212463
    ],
    [
      0.11015558987855911,
      0.24761167168617249,
      0.1759590208530426,
      0.6399075388908386,
      -0.36188992857933044,
      -0.12748369574546814,
      -0.04279549792408943,
      0.2713485360145569,
      -0.7070193290710449,
      -0.08020089566707611,
      -0.03811121731996536,
      0.33820289373397827,
      0.26118209958076477,
      -0.1596948504447937,
      -0.2803301513195038,
      -0.31709933280944824
    ],
    [
      0.12388527393341064,
      -0.2821345031261444,
      0.17334991693496704,
      -0.15263782441616058,
      0.5303807258605957,
      0.14076876640319824,
      -0.6413293480873108,
      -0.3583510220050812,
      -0.10376828163862228,
      -0.11860296875238419,
      0.16433817148208618,
      -0.2968606948852539,
      0.26598042249679565,
      -0.09442069381475449,
      0.3866005837917328,
      0.0033385264687240124
    ]
  ],
  "b1": [
    0.20612330734729767,
    0.3271067440509796,
    0.5514845848083496,
    0.22514589130878448,
    -0.10979300737380981,
    0.034604594111442566,
    0.309789776802063,
    0.2842027246952057,
    0.29439327120780945,
    0.04196026921272278,
    0.1052497923374176,
    0.3284146189689636,
    -0.10359799861907959,
    -0.05470063537359238,
    -0.06764964759349823,
    0.038594696670770645
  ],